"2017-01-05 09:02:45","exception 'Exception' with message 'Error' in C:\wamp64\www\Blog\blog\index.php:8
Stack trace:
#0 {main}"
"2017-01-05 09:03:37","exception 'Exception' with message 'Error' in C:\wamp64\www\Blog\blog\index.php:8
Stack trace:
#0 {main}"
"2017-01-05 10:36:14","Ahah vous n'avez pas dit le mot magique !"
"2017-01-05 10:37:34","Ahah vous n'avez pas dit le mot magique !"
"2017-01-05 10:37:49","Ahah vous n'avez pas dit le mot magique !"
"2017-01-05 10:39:04","Ahah vous n'avez pas dit le mot magique !"
"2017-01-05 10:39:35","Ahah vous n'avez pas dit le mot magique !"
"2017-01-05 10:41:36","Ahah vous n'avez pas dit le mot magique !"
"2017-01-05 10:41:44","Ahah vous n'avez pas dit le mot magique !"
"2017-01-05 10:42:58","Ahah vous n'avez pas dit le mot magique !"
"2017-01-05 10:46:08","Ahah vous n'avez pas dit le mot magique !"
"2017-01-05 10:46:30","Ahah vous n'avez pas dit le mot magique !"
"2017-01-05 10:50:11","Ahah vous n'avez pas dit le mot magique !"
"2017-01-05 10:50:47","Ahah vous n'avez pas dit le mot magique !"
"2017-01-05 10:57:04","Ahah vous n'avez pas dit le mot magique !"
"2017-01-05 10:57:42","Ahah vous n'avez pas dit le mot magique !"
"2017-01-05 10:59:29","Ahah vous n'avez pas dit le mot magique !"
"2017-01-05 11:01:31","Ahah vous n'avez pas dit le mot magique !"
"2017-01-05 11:01:52","Ahah vous n'avez pas dit le mot magique !"
"2017-01-05 11:02:33","Ahah vous n'avez pas dit le mot magique !"
"2017-01-05 11:07:13","Ahah vous n'avez pas dit le mot magique !"
"2017-01-05 11:10:52","Ahah vous n'avez pas dit le mot magique !"
"2017-01-05 11:10:54","Ahah vous n'avez pas dit le mot magique !"
"2017-01-05 11:17:44","Ahah vous n'avez pas dit le mot magique !"
"2017-01-05 11:21:27","Ahah vous n'avez pas dit le mot magique !"
"2017-01-05 11:22:39","Ahah vous n'avez pas dit le mot magique !"
"2017-01-05 11:26:08","exception 'Exception' with message 'Error' in C:\wamp64\www\Blog\blog\index.php:8
Stack trace:
#0 {main}"
"2017-01-05 11:26:08","Ahah vous n'avez pas dit le mot magique !"
"2017-01-05 01:31:12","exception 'Exception' with message 'Error' in C:\wamp64\www\Blog\blog\index.php:9
Stack trace:
#0 {main}"
"2017-01-05 01:31:12","Ahah vous n'avez pas dit le mot magique !"
"2017-01-05 01:33:03","exception 'Exception' with message 'Error' in C:\wamp64\www\Blog\blog\index.php:9
Stack trace:
#0 {main}"
"2017-01-05 01:33:03","Ahah vous n'avez pas dit le mot magique !"
"2017-01-05 01:33:51","exception 'Exception' with message 'Error' in C:\wamp64\www\Blog\blog\index.php:9
Stack trace:
#0 {main}"
"2017-01-05 01:33:51","Ahah vous n'avez pas dit le mot magique !"
"2017-01-05 01:34:37","exception 'Exception' with message 'Error' in C:\wamp64\www\Blog\blog\index.php:9
Stack trace:
#0 {main}"
"2017-01-05 01:34:37","Ahah vous n'avez pas dit le mot magique !"
"2017-01-05 01:36:14","exception 'Exception' with message 'Error' in C:\wamp64\www\Blog\blog\index.php:9
Stack trace:
#0 {main}"
"2017-01-05 01:36:14","Ahah vous n'avez pas dit le mot magique !"
"2017-01-05 01:36:32","exception 'Exception' with message 'Error' in C:\wamp64\www\Blog\blog\index.php:9
Stack trace:
#0 {main}"
"2017-01-05 01:42:28","exception 'Exception' with message 'Error' in C:\wamp64\www\Blog\blog\index.php:9
Stack trace:
#0 {main}"
"2017-01-05 01:42:28","Ahah vous n'avez pas dit le mot magique !"
"2017-01-05 01:43:42","exception 'Exception' with message 'Error' in C:\wamp64\www\Blog\blog\index.php:9
Stack trace:
#0 {main}"
"2017-01-05 01:43:42","Ahah vous n'avez pas dit le mot magique !"
"2017-01-05 01:44:02","exception 'Exception' with message 'Error' in C:\wamp64\www\Blog\blog\index.php:9
Stack trace:
#0 {main}"
"2017-01-05 01:44:02","Ahah vous n'avez pas dit le mot magique !"
"2017-01-05 01:44:45","exception 'Exception' with message 'Error' in C:\wamp64\www\Blog\blog\index.php:9
Stack trace:
#0 {main}"
"2017-01-05 01:44:45","Ahah vous n'avez pas dit le mot magique !"
"2017-01-05 01:45:52","exception 'Exception' with message 'Error' in C:\wamp64\www\Blog\blog\index.php:9
Stack trace:
#0 {main}"
"2017-01-05 01:45:52","Ahah vous n'avez pas dit le mot magique !"
"2017-01-05 01:50:48","exception 'Exception' with message 'Error' in C:\wamp64\www\Blog\blog\index.php:9
Stack trace:
#0 {main}"
"2017-01-05 01:50:48","Ahah vous n'avez pas dit le mot magique !"
"2017-01-05 01:50:56","exception 'Exception' with message 'Error' in C:\wamp64\www\Blog\blog\index.php:9
Stack trace:
#0 {main}"
"2017-01-05 01:50:56","Ahah vous n'avez pas dit le mot magique !"
"2017-01-05 01:51:09","exception 'Exception' with message 'Error' in C:\wamp64\www\Blog\blog\index.php:9
Stack trace:
#0 {main}"
"2017-01-05 01:51:09","Ahah vous n'avez pas dit le mot magique !"
"2017-01-05 01:51:46","exception 'Exception' with message 'Error' in C:\wamp64\www\Blog\blog\index.php:9
Stack trace:
#0 {main}"
"2017-01-05 01:55:08","exception 'Exception' with message 'Error' in C:\wamp64\www\Blog\blog\index.php:9
Stack trace:
#0 {main}"
"2017-01-05 01:55:08","Ahah vous n'avez pas dit le mot magique !"
"2017-01-05 01:55:24","exception 'Exception' with message 'Error' in C:\wamp64\www\Blog\blog\index.php:9
Stack trace:
#0 {main}"
"2017-01-05 02:07:57","exception 'Exception' with message 'Error' in C:\wamp64\www\Blog\blog\index.php:9
Stack trace:
#0 {main}"
"2017-01-05 02:07:57","Ahah vous n'avez pas dit le mot magique !"
"2017-01-05 02:08:11","exception 'Exception' with message 'Error' in C:\wamp64\www\Blog\blog\index.php:9
Stack trace:
#0 {main}"
"2017-01-05 02:10:34","exception 'Exception' with message 'Error' in C:\wamp64\www\Blog\blog\index.php:9
Stack trace:
#0 {main}"
"2017-01-05 02:10:34","Ahah vous n'avez pas dit le mot magique !"
"2017-01-05 02:10:54","exception 'Exception' with message 'Error' in C:\wamp64\www\Blog\blog\index.php:10
Stack trace:
#0 {main}"
"2017-01-05 02:10:54","Ahah vous n'avez pas dit le mot magique !"
"2017-01-05 02:11:13","exception 'Exception' with message 'Error' in C:\wamp64\www\Blog\blog\index.php:10
Stack trace:
#0 {main}"
"2017-01-05 02:12:57","exception 'Exception' with message 'Error' in C:\wamp64\www\Blog\blog\index.php:10
Stack trace:
#0 {main}"
"2017-01-05 02:12:57","Ahah vous n'avez pas dit le mot magique !"
"2017-01-05 02:13:25","exception 'Exception' with message 'Error' in C:\wamp64\www\Blog\blog\index.php:10
Stack trace:
#0 {main}"
"2017-01-05 02:13:32","exception 'Exception' with message 'Error' in C:\wamp64\www\Blog\blog\index.php:10
Stack trace:
#0 {main}"
"2017-01-05 02:13:32","Ahah vous n'avez pas dit le mot magique !"
"2017-01-05 02:15:36","Ahah vous n'avez pas dit le mot magique !"
"2017-01-05 02:15:38","Ahah vous n'avez pas dit le mot magique !"
"2017-01-05 02:16:07","Ahah vous n'avez pas dit le mot magique !"
"2017-01-05 02:16:09","Ahah vous n'avez pas dit le mot magique !"
"2017-01-05 02:16:31","Ahah vous n'avez pas dit le mot magique !"
"2017-01-05 02:16:42","Ahah vous n'avez pas dit le mot magique !"
"2017-01-05 02:16:44","Ahah vous n'avez pas dit le mot magique !"
"2017-01-05 02:18:23","Ahah vous n'avez pas dit le mot magique !"
"2017-01-05 02:18:24","Ahah vous n'avez pas dit le mot magique !"
"2017-01-05 02:23:12","Ahah vous n'avez pas dit le mot magique !"
"2017-01-05 02:29:27","Ahah vous n'avez pas dit le mot magique !"
"2017-01-05 02:30:08","Ahah vous n'avez pas dit le mot magique !"
"2017-01-05 03:19:22","Ahah vous n'avez pas dit le mot magique !"
"2017-01-05 03:19:41","Ahah vous n'avez pas dit le mot magique !"
"2017-01-05 03:20:03","Ahah vous n'avez pas dit le mot magique !"
"2017-01-05 03:21:52",
"2017-01-05 03:21:52",
"2017-01-05 03:22:04","Ahah vous n'avez pas dit le mot magique !"
"2017-01-05 03:22:04","Ahah vous n'avez pas dit le mot magique !"
"2017-01-05 03:24:29","Ahah vous n'avez pas dit le mot magique !"
"2017-01-05 03:24:29","Ahah vous n'avez pas dit le mot magique !"
"2017-01-05 03:25:18",
"2017-01-05 03:25:18",
"2017-01-05 03:25:29","Ahah vous n'avez pas dit le mot magique !"
"2017-01-05 03:25:29","Ahah vous n'avez pas dit le mot magique !"
"2017-01-05 03:31:04","Ahah vous n'avez pas dit le mot magique !"
"2017-01-05 03:31:04","Ahah vous n'avez pas dit le mot magique !"
"2017-01-05 03:32:20","Ahah vous n'avez pas dit le mot magique !"
"2017-01-05 03:32:20","Ahah vous n'avez pas dit le mot magique !"
"2017-01-05 03:33:06","Ahah vous n'avez pas dit le mot magique !"
"2017-01-05 03:33:06","Ahah vous n'avez pas dit le mot magique !"
"2017-01-05 03:33:33","Ahah vous n'avez pas dit le mot magique !"
"2017-01-05 03:33:33","Ahah vous n'avez pas dit le mot magique !"
"2017-01-05 03:34:01","Ahah vous n'avez pas dit le mot magique !"
"2017-01-05 03:34:01","Ahah vous n'avez pas dit le mot magique !"
"2017-01-05 03:34:05","Ahah vous n'avez pas dit le mot magique !"
"2017-01-05 03:34:05","Ahah vous n'avez pas dit le mot magique !"
"2017-01-05 03:36:42","Ahah vous n'avez pas dit le mot magique !"
"2017-01-05 03:36:42","Ahah vous n'avez pas dit le mot magique !"
"2017-01-05 03:37:15","Ahah vous n'avez pas dit le mot magique !"
"2017-01-05 03:37:15","Ahah vous n'avez pas dit le mot magique !"
"2017-01-05 03:37:31","Ahah vous n'avez pas dit le mot magique !"
"2017-01-05 03:37:31","Ahah vous n'avez pas dit le mot magique !"
"2017-01-05 03:37:33","Ahah vous n'avez pas dit le mot magique !"
"2017-01-05 03:37:35","Ahah vous n'avez pas dit le mot magique !"
"2017-01-05 03:37:35","Ahah vous n'avez pas dit le mot magique !"
"2017-01-05 03:37:36","Ahah vous n'avez pas dit le mot magique !"
"2017-01-05 03:37:36","Ahah vous n'avez pas dit le mot magique !"
"2017-01-05 03:37:36","Ahah vous n'avez pas dit le mot magique !"
"2017-01-05 03:37:36","Ahah vous n'avez pas dit le mot magique !"
"2017-01-05 03:37:36","Ahah vous n'avez pas dit le mot magique !"
"2017-01-05 03:40:24","Ahah vous n'avez pas dit le mot magique !"
"2017-01-05 03:40:24","Ahah vous n'avez pas dit le mot magique !"
"2017-01-05 03:41:53","Ahah vous n'avez pas dit le mot magique !"
"2017-01-05 03:41:53","Ahah vous n'avez pas dit le mot magique !"
"2017-01-05 03:44:50","Ahah vous n'avez pas dit le mot magique !"
"2017-01-05 03:44:50","Ahah vous n'avez pas dit le mot magique !"
"2017-01-05 03:45:19","Ahah vous n'avez pas dit le mot magique !"
"2017-01-05 03:45:19","Ahah vous n'avez pas dit le mot magique !"
"2017-01-05 03:45:19","Ahah vous n'avez pas dit le mot magique !"
"2017-01-05 03:45:22","Ahah vous n'avez pas dit le mot magique !"
"2017-01-05 03:45:22","Ahah vous n'avez pas dit le mot magique !"
"2017-01-05 03:45:23","Ahah vous n'avez pas dit le mot magique !"
"2017-01-05 03:45:23","Ahah vous n'avez pas dit le mot magique !"
"2017-01-05 03:46:45","Ahah vous n'avez pas dit le mot magique !"
"2017-01-05 03:46:45","Ahah vous n'avez pas dit le mot magique !"
"2017-01-05 03:46:45","Ahah vous n'avez pas dit le mot magique !"
"2017-01-05 03:46:47","Ahah vous n'avez pas dit le mot magique !"
"2017-01-05 03:46:47","Ahah vous n'avez pas dit le mot magique !"
"2017-01-05 03:46:48","Ahah vous n'avez pas dit le mot magique !"
"2017-01-05 03:46:48","Ahah vous n'avez pas dit le mot magique !"
